{"stats":{"minecraft:mined":{"minecraft:moss_block":1,"minecraft:spawner":12,"minecraft:furnace":1,"bosses_of_mass_destruction:void_blossom":4,"minecraft:moss_carpet":1,"minecraft:stone":15,"minecraft:yellow_shulker_box":5,"minecraft:crafting_table":3,"minecraft:dead_bush":4,"minecraft:tall_grass":2,"minecraft:cobblestone":11,"minecraft:sculk":1,"minecraft:grass":15,"minecraft:oak_log":5,"minecraft:sunflower":3,"minecraft:terracotta":2},"minecraft:picked_up":{"minecraft:iron_chestplate":2,"minecraft:coarse_dirt":1,"minecraft:crafting_table":3,"minecraft:bee_nest":1,"bosses_of_mass_destruction:earthdive_spear":1,"minecraft:purple_wool":44,"minecraft:ladder":1,"minecraft:anvil":2,"minecraft:suspicious_stew":1,"minecraft:diamond_sword":1,"minecraft:wooden_pickaxe":1,"minecraft:oak_stairs":1,"minecraft:potion":3,"minecraft:chain":64,"minecraft:shield":2,"minecraft:oak_trapdoor":1,"minecraft:string":227,"minecraft:moss_carpet":54,"minecraft:raw_copper":35,"minecraft:iron_axe":1,"minecraft:wooden_sword":1,"minecraft:flint_and_steel":2,"minecraft:iron_leggings":1,"minecraft:iron_shovel":1,"minecraft:blackstone":221,"minecraft:shroomlight":1,"minecraft:oak_sign":1,"minecraft:diamond_leggings":3,"bosses_of_mass_destruction:soul_star":1,"minecraft:candle":1,"minecraft:cobbled_deepslate":304,"minecraft:netherite_sword":4,"minecraft:bucket":1,"minecraft:spruce_planks":5,"minecraft:beef":9,"minecraft:cobblestone_slab":1,"minecraft:azalea":1,"minecraft:iron_pickaxe":1,"minecraft:light_gray_wool":1,"minecraft:chest":1,"minecraft:furnace":1,"minecraft:phantom_membrane":100,"minecraft:iron_boots":2,"minecraft:egg":1,"minecraft:stick":15,"minecraft:raw_iron":12,"minecraft:stone":1,"minecraft:torch":88,"minecraft:porkchop":5,"bosses_of_mass_destruction:void_thorn":73,"minecraft:cherry_log":16,"minecraft:pointed_dripstone":19,"minecraft:dirt_path":1,"minecraft:carrot":3,"minecraft:redstone":7,"minecraft:stone_pressure_plate":4,"minecraft:tnt":11,"minecraft:quartz_block":1,"minecraft:arrow":88,"minecraft:rotten_flesh":423,"minecraft:diamond_chestplate":3,"witherstormmod:withered_flesh":6,"minecraft:diamond_boots":4,"minecraft:netherite_chestplate":2,"minecraft:mutton":12,"minecraft:snowball":60,"minecraft:white_wool":7,"minecraft:cobblestone":784,"minecraft:birch_log":5,"minecraft:lime_bed":1,"minecraft:pink_petals":13,"minecraft:netherite_boots":3,"minecraft:yellow_shulker_box":183,"minecraft:cooked_beef":1,"minecraft:glow_ink_sac":2,"minecraft:cherry_leaves":1,"minecraft:leather":5,"minecraft:powder_snow_bucket":1,"minecraft:potato":1,"minecraft:flint":3,"minecraft:lily_pad":1,"minecraft:oak_log":11,"minecraft:cobblestone_stairs":1,"minecraft:cobbled_deepslate_stairs":3,"minecraft:cobblestone_wall":1,"minecraft:wither_skeleton_skull":2,"minecraft:netherite_leggings":2,"minecraft:dirt":591,"minecraft:lantern":69,"minecraft:twisting_vines":24,"minecraft:leather_boots":1,"minecraft:bone":18,"minecraft:apple":14,"minecraft:bow":2,"minecraft:wheat_seeds":18,"minecraft:spore_blossom":1,"bosses_of_mass_destruction:void_lily":1,"minecraft:iron_ingot":2,"minecraft:stone_pickaxe":1,"minecraft:cooked_chicken":2,"minecraft:cobweb":1,"minecraft:netherite_axe":2,"minecraft:mossy_stone_bricks":64,"minecraft:rabbit":1,"minecraft:diamond_helmet":2,"minecraft:bamboo":6,"minecraft:moss_block":65,"minecraft:stone_hoe":1,"minecraft:flowering_azalea":4,"minecraft:sculk_catalyst":3,"minecraft:pink_concrete":64,"minecraft:smooth_basalt":2,"minecraft:cooked_porkchop":114,"minecraft:sculk":1,"bosses_of_mass_destruction:crystal_fruit":5,"minecraft:gravel":42,"minecraft:mossy_cobblestone":131,"minecraft:spider_eye":56,"minecraft:barrel":1,"minecraft:leather_helmet":1,"minecraft:sugar":2,"minecraft:deepslate":1,"minecraft:slime_block":1,"minecraft:stone_axe":2,"minecraft:netherite_helmet":5,"minecraft:iron_helmet":2,"minecraft:granite":137,"minecraft:diamond_axe":1,"bosses_of_mass_destruction:void_blossom":1,"minecraft:cherry_sapling":4,"minecraft:golden_apple":64,"minecraft:bread":26,"minecraft:terracotta":2,"minecraft:baked_potato":2,"minecraft:black_wool":1,"minecraft:coal":114,"minecraft:sunflower":3},"minecraft:used":{"minecraft:oak_fence":8,"minecraft:oak_trapdoor":3,"minecraft:moss_block":3746,"minecraft:moss_carpet":208,"minecraft:netherite_sword":45,"minecraft:flint_and_steel":99,"minecraft:red_concrete":4,"bosses_of_mass_destruction:crystal_fruit":1,"witherstormmod:withered_flesh":1,"minecraft:ladder":5,"minecraft:oak_sign":2,"minecraft:spruce_planks":91,"minecraft:chest":4,"minecraft:shield":13,"minecraft:orange_bed":1,"minecraft:stone":1470,"minecraft:zombie_spawn_egg":3,"minecraft:spruce_leaves":2,"minecraft:sculk":19,"minecraft:rotten_flesh":23,"minecraft:mossy_stone_brick_slab":17,"bosses_of_mass_destruction:void_lily":3,"bosses_of_mass_destruction:earthdive_spear":40,"minecraft:dirt":130,"minecraft:torch":15,"minecraft:soul_sand":15,"minecraft:skeleton_spawn_egg":2,"minecraft:diamond_helmet":1,"minecraft:spruce_stairs":30,"minecraft:cobblestone_wall":69,"minecraft:carrot":2,"minecraft:stone_stairs":36,"witherstormmod:formidibomb":4,"minecraft:tuff":1,"minecraft:golden_shovel":7,"minecraft:granite":66,"minecraft:stripped_spruce_log":32,"minecraft:milk_bucket":2,"minecraft:shroomlight":168,"minecraft:mossy_cobblestone_stairs":36,"minecraft:wooden_axe":1,"minecraft:packed_ice":2,"minecraft:lava_bucket":42,"minecraft:bookshelf":6,"minecraft:grass_block":1274,"minecraft:iron_block":28,"minecraft:lantern":28,"minecraft:slime_block":5,"minecraft:quartz_block":12,"minecraft:spawner":31,"minecraft:mossy_cobblestone_slab":73,"minecraft:cherry_leaves":324,"minecraft:barrel":1,"minecraft:stone_bricks":32,"minecraft:bamboo":41,"minecraft:netherite_boots":3,"minecraft:bedrock":12,"minecraft:snow":6,"minecraft:tall_grass":1,"minecraft:deepslate_tile_stairs":3,"minecraft:furnace":1,"minecraft:skeleton_skull":14,"minecraft:cobbled_deepslate":2154,"minecraft:cherry_log":13,"minecraft:pumpkin":4,"minecraft:pointed_dripstone":270,"minecraft:spider_spawn_egg":1,"minecraft:deepslate_brick_wall":16,"minecraft:cooked_mutton":9,"easy_npc:easy_npc_wand":1,"minecraft:water_bucket":134,"minecraft:mossy_stone_bricks":25,"minecraft:diamond_boots":1,"minecraft:cobblestone_stairs":30,"minecraft:dirt_path":142,"minecraft:wither_skeleton_skull":11,"minecraft:rabbit":3,"minecraft:witch_spawn_egg":1,"minecraft:yellow_shulker_box":49,"minecraft:stone_pickaxe":35,"minecraft:netherite_chestplate":1,"minecraft:oak_planks":22,"minecraft:blackstone":139,"minecraft:leather_chestplate":1,"minecraft:wooden_pickaxe":5,"minecraft:mossy_stone_brick_stairs":108,"minecraft:spruce_sign":5,"minecraft:diamond_axe":34,"minecraft:beacon":3,"minecraft:cobblestone_slab":290,"minecraft:white_wool":1,"minecraft:pink_concrete":129,"minecraft:golden_apple":18,"minecraft:mossy_cobblestone":72,"minecraft:terracotta":2,"minecraft:sand":1,"minecraft:netherite_leggings":1,"minecraft:vine":50,"minecraft:lime_bed":1,"minecraft:tnt":491,"minecraft:crafting_table":4,"minecraft:red_bed":5,"minecraft:netherite_helmet":2,"witherstormmod:command_block_sword":16,"minecraft:cobbled_deepslate_stairs":60,"minecraft:deepslate_brick_stairs":11,"minecraft:cyan_stained_glass":5,"minecraft:creeper_spawn_egg":2,"minecraft:deepslate_tiles":1404,"minecraft:redstone_torch":2,"minecraft:black_wool":116,"minecraft:diamond_pickaxe":18,"minecraft:apple":8,"easy_npc:iron_golem_spawn_egg":1,"minecraft:command_block":4,"minecraft:sunflower":3,"minecraft:string":5,"minecraft:barrier":1715,"minecraft:suspicious_stew":2,"minecraft:netherite_axe":15,"minecraft:spore_blossom":11,"minecraft:deepslate":85,"minecraft:stone_axe":45,"minecraft:blackstone_slab":14,"minecraft:magenta_stained_glass_pane":2,"minecraft:green_candle":35,"minecraft:diamond_sword":113,"minecraft:wooden_sword":23,"minecraft:cobblestone":125,"minecraft:potion":29,"minecraft:cobbled_deepslate_slab":30,"bosses_of_mass_destruction:charged_ender_pearl":1,"minecraft:cooked_porkchop":15,"minecraft:bucket":1,"minecraft:glass_pane":4,"minecraft:chain":19,"minecraft:smooth_stone_slab":2,"minecraft:diamond_leggings":1,"minecraft:stripped_oak_log":132,"minecraft:purple_wool":408,"minecraft:coarse_dirt":3,"witherstormmod:sickened_zombie_spawn_egg":1,"minecraft:purple_carpet":54,"minecraft:sculk_vein":2,"minecraft:candle":26,"minecraft:bone_meal":10,"minecraft:birch_stairs":39},"minecraft:crafted":{"minecraft:oak_planks":44,"minecraft:furnace":2,"minecraft:cooked_mutton":11,"minecraft:stone_pickaxe":1,"minecraft:crafting_table":1,"minecraft:wooden_pickaxe":1,"minecraft:stone_axe":1,"minecraft:air":0,"minecraft:stick":8},"minecraft:custom":{"minecraft:mob_kills":110,"minecraft:interact_with_crafting_table":5,"minecraft:open_barrel":8,"minecraft:open_shulker_box":24,"minecraft:leave_game":21,"minecraft:time_since_death":3565,"minecraft:climb_one_cm":4306,"minecraft:damage_resisted":68,"minecraft:sprint_one_cm":1047633,"minecraft:walk_one_cm":1143879,"minecraft:damage_blocked_by_shield":615,"minecraft:drop":75,"minecraft:play_time":914611,"minecraft:sneak_time":124745,"minecraft:deaths":20,"minecraft:walk_under_water_one_cm":21293,"minecraft:jump":7074,"minecraft:walk_on_water_one_cm":32050,"minecraft:total_world_time":914611,"minecraft:interact_with_furnace":13,"minecraft:time_since_rest":3612,"minecraft:damage_taken":6453,"minecraft:damage_absorbed":525,"minecraft:damage_dealt":47408,"minecraft:interact_with_beacon":10,"minecraft:swim_one_cm":2803,"minecraft:fly_one_cm":13322460,"minecraft:open_chest":40,"minecraft:crouch_one_cm":150079,"minecraft:fall_one_cm":125748},"minecraft:dropped":{"minecraft:stone_hoe":1,"minecraft:wheat_seeds":2,"minecraft:baked_potato":1,"minecraft:netherite_helmet":1,"minecraft:iron_helmet":1,"minecraft:cobblestone":128,"minecraft:lantern":67,"minecraft:apple":6,"minecraft:grass_block":192,"minecraft:torch":64,"minecraft:yellow_shulker_box":37,"minecraft:chain":64,"minecraft:phantom_membrane":1,"minecraft:pink_concrete":64,"minecraft:stone_axe":1,"minecraft:bowl":1,"minecraft:wither_skeleton_skull":2,"minecraft:iron_boots":1,"minecraft:dirt_path":2,"minecraft:shroomlight":1,"minecraft:stone":1,"minecraft:powder_snow_bucket":1,"minecraft:diamond_chestplate":2,"minecraft:quartz_block":1,"minecraft:stone_bricks":1},"minecraft:killed_by":{"minecraft:player":1,"bosses_of_mass_destruction:void_blossom":2,"minecraft:warden":1},"minecraft:killed":{"minecraft:spider":4,"minecraft:phantom":2,"minecraft:skeleton":24,"minecraft:illusioner":1,"minecraft:warden":3,"minecraft:pig":2,"minecraft:rabbit":1,"minecraft:frog":2,"bosses_of_mass_destruction:void_blossom":1,"minecraft:sheep":9,"minecraft:zombie":52,"witherstormmod:sickened_zombie":3,"minecraft:cow":4}},"DataVersion":3465}