{"stats":{"minecraft:custom":{"minecraft:mob_kills":142,"minecraft:interact_with_crafting_table":34,"minecraft:open_shulker_box":1,"minecraft:leave_game":9,"minecraft:time_since_death":2842,"minecraft:climb_one_cm":1136,"minecraft:sprint_one_cm":657240,"minecraft:walk_one_cm":348579,"minecraft:damage_blocked_by_shield":6150,"minecraft:drop":95,"minecraft:play_time":213061,"minecraft:deaths":6,"minecraft:sneak_time":13362,"minecraft:walk_under_water_one_cm":35499,"minecraft:jump":6165,"minecraft:walk_on_water_one_cm":51491,"minecraft:total_world_time":213061,"minecraft:interact_with_furnace":54,"minecraft:sleep_in_bed":3,"minecraft:time_since_rest":2872,"minecraft:damage_taken":6225,"minecraft:damage_dealt":19178,"minecraft:swim_one_cm":110591,"minecraft:fly_one_cm":1259567,"minecraft:open_chest":15,"minecraft:crouch_one_cm":33783,"minecraft:interact_with_smoker":30,"minecraft:fall_one_cm":188584},"minecraft:crafted":{"minecraft:black_dye":1,"minecraft:oak_planks":20,"minecraft:furnace":3,"minecraft:cooked_mutton":28,"minecraft:iron_boots":1,"minecraft:iron_axe":1,"minecraft:stone_pickaxe":2,"minecraft:diamond_boots":1,"minecraft:dark_oak_planks":4,"minecraft:smoker":1,"minecraft:wheat":90,"minecraft:cooked_porkchop":14,"minecraft:crafting_table":2,"minecraft:iron_helmet":1,"minecraft:wooden_pickaxe":1,"minecraft:baked_potato":22,"minecraft:iron_sword":1,"minecraft:leather_helmet":1,"minecraft:bucket":1,"minecraft:stone_axe":2,"minecraft:bread":30,"minecraft:air":0,"minecraft:iron_chestplate":1,"minecraft:shield":2,"minecraft:stick":16,"minecraft:iron_ingot":40,"minecraft:iron_pickaxe":1,"minecraft:stone_sword":2,"minecraft:iron_leggings":1,"minecraft:black_bed":1,"minecraft:white_bed":2,"minecraft:acacia_planks":8},"minecraft:used":{"minecraft:stone_sword":155,"minecraft:iron_sword":297,"minecraft:shield":110,"minecraft:iron_chestplate":1,"minecraft:torch":16,"minecraft:dirt":4,"minecraft:mutton":18,"minecraft:tuff":2,"minecraft:granite":18,"minecraft:dark_oak_planks":1,"minecraft:iron_axe":41,"minecraft:iron_helmet":1,"minecraft:iron_boots":3,"minecraft:furnace":10,"minecraft:egg":1,"minecraft:potato":9,"minecraft:cobbled_deepslate":28,"minecraft:iron_leggings":2,"minecraft:cooked_mutton":29,"minecraft:water_bucket":66,"minecraft:diorite":3,"minecraft:baked_potato":26,"minecraft:oak_planks":2,"minecraft:stone_pickaxe":127,"minecraft:yellow_shulker_box":1,"minecraft:blackstone":2,"minecraft:wooden_pickaxe":16,"minecraft:leather_chestplate":1,"minecraft:white_wool":30,"minecraft:terracotta":6,"minecraft:crafting_table":16,"minecraft:white_bed":1,"minecraft:black_bed":4,"minecraft:smoker":5,"minecraft:apple":6,"minecraft:bread":22,"minecraft:iron_pickaxe":236,"minecraft:gravel":14,"minecraft:stone_axe":84,"minecraft:cobblestone":22,"minecraft:porkchop":13,"minecraft:cooked_porkchop":8,"minecraft:bucket":67,"minecraft:coarse_dirt":1},"minecraft:dropped":{"minecraft:golden_boots":2,"minecraft:brown_mushroom":2,"minecraft:wheat_seeds":34,"minecraft:diamond":6,"minecraft:dark_oak_sapling":2,"minecraft:dripstone_block":2,"minecraft:feather":1,"minecraft:leather":7,"minecraft:stick":1,"minecraft:cobweb":2,"minecraft:dirt":7,"minecraft:torch":52,"minecraft:ink_sac":2,"minecraft:iron_leggings":2,"minecraft:brown_terracotta":2,"minecraft:wooden_sword":1,"minecraft:string":3,"minecraft:dark_oak_planks":2,"minecraft:pink_petals":4,"minecraft:dandelion":2,"minecraft:smooth_basalt":1,"minecraft:bone":19,"minecraft:furnace":1,"minecraft:stone_axe":1,"minecraft:blackstone":4,"minecraft:stone_sword":1,"minecraft:cobbled_deepslate":8,"minecraft:raw_iron":42,"minecraft:pointed_dripstone":4,"minecraft:stripped_dark_oak_log":2,"minecraft:chicken":2,"minecraft:rotten_flesh":28,"minecraft:iron_boots":1,"minecraft:smoker":1,"minecraft:salmon":1,"bosses_of_mass_destruction:soul_star":1,"minecraft:poppy":1,"minecraft:leather_chestplate":1,"minecraft:sea_pickle":3,"minecraft:gunpowder":4,"minecraft:orange_terracotta":3,"minecraft:peony":1,"minecraft:diamond_pickaxe":1,"minecraft:iron_chestplate":2,"minecraft:howl_pottery_sherd":1,"minecraft:bamboo":5,"minecraft:beef":8,"minecraft:wooden_pickaxe":1,"minecraft:brick":3},"minecraft:broken":{"minecraft:shield":2},"minecraft:picked_up":{"minecraft:iron_chestplate":2,"minecraft:crafting_table":17,"minecraft:coarse_dirt":1,"minecraft:chicken":3,"minecraft:brown_mushroom":2,"minecraft:wooden_pickaxe":1,"minecraft:shield":2,"minecraft:brick":3,"minecraft:string":8,"minecraft:iron_leggings":3,"minecraft:blackstone":6,"minecraft:sea_pickle":3,"minecraft:cobbled_deepslate":72,"bosses_of_mass_destruction:soul_star":1,"minecraft:spruce_planks":4,"minecraft:beef":20,"minecraft:calcite":3,"minecraft:poppy":2,"minecraft:iron_pickaxe":1,"minecraft:furnace":12,"minecraft:iron_boots":2,"minecraft:egg":1,"minecraft:dark_oak_sapling":2,"minecraft:stick":6,"minecraft:raw_iron":155,"minecraft:brown_terracotta":2,"minecraft:torch":92,"minecraft:acacia_log":9,"minecraft:porkchop":61,"minecraft:pointed_dripstone":4,"minecraft:diorite":11,"minecraft:dark_oak_planks":2,"minecraft:howl_pottery_sherd":1,"minecraft:tnt":6,"minecraft:arrow":46,"minecraft:rotten_flesh":39,"minecraft:peony":1,"minecraft:shears":1,"minecraft:hay_block":10,"minecraft:mutton":65,"minecraft:white_wool":54,"minecraft:cobblestone":52,"minecraft:pink_petals":4,"minecraft:yellow_shulker_box":2,"minecraft:leather_chestplate":1,"minecraft:feather":2,"minecraft:glow_ink_sac":2,"minecraft:salmon":1,"minecraft:black_bed":4,"minecraft:leather":18,"minecraft:smoker":6,"minecraft:potato":64,"minecraft:birch_planks":17,"minecraft:tuff":3,"minecraft:oak_log":5,"minecraft:golden_boots":2,"minecraft:gunpowder":5,"minecraft:lapis_lazuli":26,"minecraft:dirt":12,"minecraft:orange_terracotta":3,"minecraft:cooked_mutton":1,"minecraft:bone":23,"minecraft:apple":6,"minecraft:wheat_seeds":43,"minecraft:raw_gold":9,"minecraft:cobweb":2,"minecraft:iron_ingot":2,"minecraft:bamboo":5,"minecraft:oak_planks":20,"minecraft:smooth_basalt":1,"minecraft:cooked_porkchop":4,"minecraft:dandelion":2,"minecraft:dripstone_block":2,"minecraft:gravel":14,"minecraft:amethyst_shard":4,"minecraft:ink_sac":3,"minecraft:white_bed":1,"minecraft:dark_oak_log":1,"minecraft:mossy_cobblestone":3,"minecraft:diamond":13,"minecraft:stone_axe":1,"minecraft:iron_helmet":1,"minecraft:granite":18,"minecraft:bread":1,"minecraft:terracotta":6,"minecraft:baked_potato":4,"minecraft:stripped_dark_oak_log":2,"minecraft:coal":156,"minecraft:diamond_pickaxe":1},"minecraft:killed_by":{"minecraft:zombie":1},"minecraft:mined":{"minecraft:dark_oak_planks":1,"minecraft:tuff":3,"minecraft:white_bed":1,"minecraft:deepslate_diamond_ore":12,"minecraft:sculk_vein":3,"minecraft:dark_oak_log":1,"minecraft:granite":18,"minecraft:acacia_log":9,"minecraft:grass_block":8,"minecraft:decorated_pot":1,"minecraft:spruce_leaves":2,"minecraft:moss_block":1,"minecraft:hay_block":10,"minecraft:large_fern":4,"minecraft:furnace":9,"minecraft:iron_ore":74,"minecraft:cobbled_deepslate":2,"minecraft:fire":6,"minecraft:peony":1,"minecraft:pointed_dripstone":1,"minecraft:deepslate_iron_ore":9,"minecraft:lantern":1,"minecraft:packed_ice":2,"minecraft:bamboo":1,"minecraft:stone":49,"minecraft:yellow_shulker_box":1,"minecraft:white_wool":3,"minecraft:brown_mushroom":2,"minecraft:blackstone":7,"minecraft:smoker":5,"minecraft:stripped_dark_oak_log":1,"minecraft:dandelion":2,"minecraft:cornflower":1,"minecraft:crafting_table":16,"minecraft:torch":5,"minecraft:poppy":1,"minecraft:dead_bush":4,"minecraft:tall_grass":92,"minecraft:cobblestone":2,"minecraft:deepslate_coal_ore":5,"minecraft:oak_planks":2,"minecraft:sculk":1,"minecraft:diorite":9,"minecraft:wall_torch":1,"minecraft:pink_petals":1,"minecraft:coarse_dirt":1,"minecraft:sea_pickle":1,"minecraft:ice":3,"minecraft:tnt":1,"minecraft:black_bed":4,"minecraft:grass":208,"minecraft:oak_log":5,"minecraft:coal_ore":40,"minecraft:dirt":3,"minecraft:dripstone_block":1,"minecraft:cobweb":2,"minecraft:brown_terracotta":1,"minecraft:smooth_basalt":1,"minecraft:gold_ore":10,"minecraft:deepslate":28,"minecraft:oak_leaves":7,"minecraft:fern":5},"minecraft:killed":{"minecraft:spider":11,"minecraft:skeleton":25,"minecraft:horse":1,"minecraft:chicken":3,"minecraft:pig":24,"minecraft:zombie_villager":1,"minecraft:salmon":1,"minecraft:creeper":1,"minecraft:squid":2,"minecraft:sheep":25,"minecraft:zombie":37,"minecraft:cow":6}},"DataVersion":3465}