{"stats":{"minecraft:killed_by":{"minecraft:player":1,"bosses_of_mass_destruction:void_blossom":4,"witherstormmod:sickened_zombie":1,"minecraft:skeleton":1,"witherstormmod:sickened_skeleton":1},"minecraft:killed":{"witherstormmod:sickened_pig":2,"witherstormmod:sickened_spider":2,"minecraft:endermite":2,"minecraft:spider":1,"witherstormmod:sickened_pillager":1,"minecraft:skeleton":6,"minecraft:warden":7,"minecraft:zombie_villager":1,"minecraft:bat":2,"witherstormmod:sickened_skeleton":1,"bosses_of_mass_destruction:void_blossom":8,"minecraft:creeper":6,"minecraft:zombie":12,"witherstormmod:sickened_zombie":7,"witherstormmod:tentacle":6,"minecraft:villager":1},"minecraft:picked_up":{"minecraft:iron_chestplate":1,"minecraft:coarse_dirt":1,"minecraft:ladder":1,"minecraft:splash_potion":12,"minecraft:ender_chest":1,"minecraft:anvil":4,"minecraft:leather_leggings":2,"minecraft:diamond_sword":6,"minecraft:potion":3,"minecraft:enchanted_book":2,"minecraft:brick":3,"minecraft:shield":3,"minecraft:oak_trapdoor":1,"minecraft:string":7,"bosses_of_mass_destruction:brimstone_nectar":4,"minecraft:moss_carpet":24,"minecraft:raw_copper":46,"minecraft:flint_and_steel":2,"minecraft:iron_leggings":1,"minecraft:experience_bottle":12,"minecraft:blackstone":83,"minecraft:diamond_leggings":6,"bosses_of_mass_destruction:soul_star":3,"minecraft:candle":15,"minecraft:cobbled_deepslate":158,"minecraft:netherite_sword":17,"minecraft:spruce_planks":1,"minecraft:cobblestone_slab":1,"minecraft:azalea":3,"minecraft:enchanted_golden_apple":186,"minecraft:cherry_button":2,"minecraft:raw_iron":1,"minecraft:stone":6,"minecraft:torch":249,"witherstormmod:sickened_skeleton_spawn_egg":64,"bosses_of_mass_destruction:void_thorn":92,"minecraft:pointed_dripstone":15,"minecraft:vine":197,"minecraft:redstone":24,"minecraft:tnt":4,"minecraft:arrow":35,"minecraft:rotten_flesh":118,"minecraft:diamond_chestplate":4,"witherstormmod:withered_flesh":5,"minecraft:diamond_boots":4,"minecraft:totem_of_undying":16,"minecraft:netherite_chestplate":11,"minecraft:cobblestone":298,"minecraft:netherite_boots":6,"minecraft:pink_petals":14,"minecraft:lime_bed":2,"minecraft:barrier":2,"minecraft:yellow_shulker_box":10,"minecraft:feather":1,"minecraft:glow_ink_sac":2,"minecraft:cherry_leaves":6,"minecraft:leather":8,"minecraft:golden_leggings":2,"minecraft:potato":1,"minecraft:bedrock":1,"minecraft:flint":3,"minecraft:tuff":14,"minecraft:lily_pad":1,"minecraft:cobblestone_stairs":1,"minecraft:gunpowder":4,"minecraft:netherite_leggings":10,"minecraft:dirt":125,"minecraft:lantern":3,"minecraft:twisting_vines":60,"minecraft:leather_boots":1,"minecraft:bone":34,"witherstormmod:command_block_sword":1,"minecraft:stone_bricks":1,"minecraft:bow":2,"minecraft:wheat_seeds":17,"minecraft:bell":1,"minecraft:spore_blossom":1,"bosses_of_mass_destruction:void_lily":5,"minecraft:stone_pickaxe":1,"minecraft:cobweb":2,"minecraft:netherite_axe":2,"minecraft:mossy_stone_bricks":64,"minecraft:glowstone_dust":1,"minecraft:diamond_helmet":4,"minecraft:bamboo":8,"minecraft:moss_block":106,"minecraft:oak_planks":1,"minecraft:mossy_stone_brick_stairs":1,"minecraft:sculk_catalyst":5,"minecraft:smooth_basalt":4,"minecraft:cooked_porkchop":163,"minecraft:sculk":5,"minecraft:sweet_berries":18,"bosses_of_mass_destruction:crystal_fruit":28,"minecraft:gravel":127,"armoroftheages:quetzalcoatl_armor_chest":1,"minecraft:black_stained_glass_pane":168,"minecraft:soul_torch":64,"minecraft:spectral_arrow":158,"minecraft:mossy_cobblestone":64,"minecraft:spruce_door":3,"minecraft:skeleton_spawn_egg":1,"minecraft:sugar":1,"minecraft:diamond":19,"minecraft:deepslate":1,"minecraft:slime_block":1,"minecraft:netherite_helmet":9,"minecraft:granite":58,"minecraft:diamond_axe":4,"bosses_of_mass_destruction:void_blossom":1,"minecraft:golden_apple":149,"minecraft:bread":4,"minecraft:nether_star":6,"minecraft:diamond_pickaxe":2,"minecraft:ender_pearl":12},"minecraft:custom":{"minecraft:mob_kills":66,"minecraft:interact_with_crafting_table":2,"minecraft:open_barrel":3,"minecraft:open_shulker_box":4,"minecraft:leave_game":63,"minecraft:time_since_death":133185,"minecraft:climb_one_cm":5062,"minecraft:damage_resisted":108,"minecraft:sprint_one_cm":928785,"minecraft:walk_one_cm":689210,"minecraft:damage_blocked_by_shield":1050,"minecraft:drop":67,"minecraft:play_time":1032824,"minecraft:deaths":26,"minecraft:sneak_time":35514,"minecraft:walk_under_water_one_cm":13082,"minecraft:jump":4744,"minecraft:walk_on_water_one_cm":32020,"minecraft:total_world_time":1032824,"minecraft:sleep_in_bed":1,"minecraft:time_since_rest":133221,"minecraft:open_enderchest":14,"minecraft:damage_taken":4581,"minecraft:damage_absorbed":758,"minecraft:damage_dealt":65604,"minecraft:swim_one_cm":3120,"minecraft:fly_one_cm":12304885,"minecraft:player_kills":3,"minecraft:open_chest":123,"minecraft:crouch_one_cm":31514,"minecraft:interact_with_smoker":2,"minecraft:fall_one_cm":23902},"minecraft:used":{"minecraft:oak_fence":12,"minecraft:moss_block":1271,"minecraft:netherite_sword":138,"minecraft:cherry_sapling":14,"minecraft:moss_carpet":257,"minecraft:flint_and_steel":80,"bosses_of_mass_destruction:crystal_fruit":2,"bosses_of_mass_destruction:brimstone_nectar":10,"minecraft:red_concrete":7,"witherstormmod:withered_flesh":1,"minecraft:silverfish_spawn_egg":7,"minecraft:spruce_planks":26,"minecraft:chest":39,"minecraft:shield":9,"minecraft:ender_chest":7,"minecraft:stone":1234,"minecraft:zombie_spawn_egg":70,"minecraft:sculk":895,"armoroftheages:quetzalcoatl_armor_chest":1,"witherstormmod:sickened_pig_spawn_egg":2,"bosses_of_mass_destruction:void_lily":5,"minecraft:rotten_flesh":3,"minecraft:sculk_sensor":20,"minecraft:torch":74,"minecraft:brewing_stand":1,"minecraft:dirt":1,"bosses_of_mass_destruction:monolith_block":2,"minecraft:anvil":7,"minecraft:skeleton_spawn_egg":62,"witherstormmod:sickened_chicken_spawn_egg":1,"minecraft:twisting_vines":398,"minecraft:stone_stairs":66,"bosses_of_mass_destruction:mob_ward":1,"minecraft:tuff":29,"easy_npc:humanoid_spawn_egg":1,"armoroftheages:holy_armor_chest":1,"witherstormmod:sickened_pillager_spawn_egg":1,"minecraft:warden_spawn_egg":1,"minecraft:shroomlight":12,"minecraft:glass":56,"minecraft:mossy_cobblestone_stairs":4,"minecraft:frog_spawn_egg":2,"easy_npc:allay_spawn_egg":1,"minecraft:sea_lantern":3,"minecraft:lava_bucket":23,"minecraft:netherite_shovel":27,"minecraft:bookshelf":26,"minecraft:villager_spawn_egg":3,"witherstormmod:sickened_phantom_spawn_egg":3,"minecraft:grass_block":142,"minecraft:lantern":63,"minecraft:oak_stairs":1,"minecraft:quartz_block":5,"minecraft:spawner":117,"minecraft:cherry_leaves":39,"easy_npc:villager_spawn_egg":2,"minecraft:barrel":3,"witherstormmod:tainted_zombie_lying":5,"minecraft:stone_bricks":234,"minecraft:bamboo":18,"minecraft:smooth_basalt":96,"minecraft:netherite_boots":3,"minecraft:bedrock":23,"minecraft:deepslate_diamond_ore":5,"minecraft:stone_pressure_plate":3,"minecraft:cobbled_deepslate":9,"minecraft:enchanted_golden_apple":2,"easy_npc:orc_warrior_spawn_egg":1,"minecraft:iron_leggings":1,"minecraft:pointed_dripstone":12,"minecraft:water_bucket":13,"armoroftheages:bamboo_hat":1,"minecraft:cobblestone_stairs":29,"minecraft:witch_spawn_egg":9,"minecraft:yellow_shulker_box":3,"minecraft:oak_planks":71,"minecraft:netherite_chestplate":3,"minecraft:blackstone":599,"minecraft:leather_chestplate":1,"minecraft:mossy_stone_brick_stairs":19,"minecraft:cobblestone_slab":69,"minecraft:golden_apple":21,"witherstormmod:tentacle_spawn_egg":6,"witherstormmod:tainted_skeleton_wall":1,"minecraft:netherite_leggings":2,"minecraft:vine":36,"minecraft:tnt":34,"minecraft:crafting_table":2,"witherstormmod:tainted_zombie_wall":1,"witherstormmod:command_block_sword":62,"minecraft:sculk_shrieker":35,"minecraft:netherite_helmet":3,"minecraft:cave_spider_spawn_egg":11,"witherstormmod:tainted_zombie_sitting":8,"minecraft:dripstone_block":9,"minecraft:endermite_spawn_egg":4,"minecraft:creeper_spawn_egg":11,"minecraft:deepslate_tiles":1,"minecraft:oak_log":4,"minecraft:sticky_piston":7,"minecraft:light":55,"minecraft:command_block":1,"minecraft:barrier":265,"witherstormmod:sickened_spider_spawn_egg":5,"minecraft:netherite_axe":4,"minecraft:lectern":1,"minecraft:deepslate":473,"minecraft:golden_leggings":1,"witherstormmod:eye_of_the_storm":1,"minecraft:diamond_sword":117,"minecraft:wooden_sword":1,"minecraft:cobblestone":1192,"witherstormmod:sickened_skeleton_spawn_egg":3,"bosses_of_mass_destruction:levitation_block":2,"bosses_of_mass_destruction:charged_ender_pearl":3,"minecraft:birch_log":1,"minecraft:stripped_oak_log":19,"minecraft:sculk_catalyst":4,"minecraft:candle":196,"minecraft:bone_meal":145,"witherstormmod:sickened_zombie_spawn_egg":8},"minecraft:mined":{"bosses_of_mass_destruction:void_blossom":10,"minecraft:yellow_shulker_box":1,"minecraft:tall_grass":42,"bosses_of_mass_destruction:vine_wall":1,"minecraft:wall_torch":1,"minecraft:grass":113},"minecraft:dropped":{"minecraft:enchanted_book":2,"minecraft:bread":18,"witherstormmod:command_block_sword":1,"minecraft:moss_block":1,"minecraft:wheat_seeds":11,"minecraft:sculk_shrieker":1,"minecraft:netherite_chestplate":1,"minecraft:netherite_helmet":1,"minecraft:golden_apple":3,"minecraft:sculk":1,"minecraft:yellow_shulker_box":12,"bosses_of_mass_destruction:void_lily":4,"minecraft:cherry_leaves":1,"minecraft:iron_leggings":1,"minecraft:smooth_basalt":1,"minecraft:blackstone":1,"minecraft:cobbled_deepslate":5,"bosses_of_mass_destruction:void_thorn":1,"minecraft:netherite_sword":6,"minecraft:flint_and_steel":1,"minecraft:netherite_leggings":1,"minecraft:lime_bed":1,"armoroftheages:quetzalcoatl_armor_chest":1,"minecraft:stone":1,"minecraft:iron_chestplate":1,"minecraft:leather_leggings":2}},"DataVersion":3465}