{"stats":{"minecraft:mined":{"minecraft:tuff":15,"minecraft:deepslate_diamond_ore":42,"minecraft:cherry_log":1,"minecraft:crafting_table":7,"minecraft:clay":4,"minecraft:tall_grass":98,"minecraft:cobblestone":9,"minecraft:diorite":18,"minecraft:birch_log":33,"minecraft:iron_ore":11,"minecraft:andesite":4,"minecraft:birch_leaves":1,"minecraft:deepslate_lapis_ore":3,"minecraft:grass":228,"minecraft:coal_ore":30,"minecraft:gravel":3,"minecraft:stone":62,"minecraft:yellow_shulker_box":1,"minecraft:deepslate":198,"minecraft:fern":1},"minecraft:picked_up":{"minecraft:birch_log":33,"minecraft:crafting_table":7,"minecraft:yellow_shulker_box":2,"minecraft:chicken":1,"minecraft:clay_ball":16,"minecraft:andesite":4,"minecraft:tuff":15,"minecraft:lapis_lazuli":24,"minecraft:apple":1,"minecraft:wheat_seeds":41,"minecraft:cobbled_deepslate":197,"minecraft:birch_sapling":1,"minecraft:raw_iron":11,"minecraft:gravel":3,"minecraft:cherry_log":1,"minecraft:diorite":18,"minecraft:carrot":64,"minecraft:rotten_flesh":4,"minecraft:diamond":41,"minecraft:oak_sapling":1,"minecraft:coal":30,"minecraft:cobblestone":73},"minecraft:broken":{"minecraft:stone_pickaxe":1},"minecraft:used":{"minecraft:diorite":15,"minecraft:yellow_shulker_box":1,"minecraft:stone_pickaxe":164,"minecraft:wooden_pickaxe":19,"minecraft:diamond_axe":7,"minecraft:cooked_chicken":1,"minecraft:rotten_flesh":3,"minecraft:torch":26,"minecraft:crafting_table":8,"minecraft:carrot":11,"minecraft:diamond_pickaxe":51,"minecraft:apple":1,"minecraft:iron_pickaxe":166,"minecraft:stone_axe":109,"minecraft:diamond_chestplate":1,"minecraft:wooden_sword":3,"minecraft:cobblestone":7,"minecraft:furnace":1,"minecraft:cherry_log":1,"minecraft:diamond_leggings":1},"minecraft:crafted":{"minecraft:diamond_sword":1,"minecraft:diamond_axe":1,"minecraft:crafting_table":3,"minecraft:wooden_pickaxe":2,"minecraft:cooked_chicken":1,"minecraft:furnace":1,"minecraft:diamond_shovel":1,"minecraft:birch_planks":112,"minecraft:stone_axe":2,"minecraft:air":0,"minecraft:diamond_helmet":1,"minecraft:diamond_leggings":1,"minecraft:diamond_pickaxe":1,"minecraft:stick":32,"minecraft:iron_ingot":3,"minecraft:iron_pickaxe":1,"minecraft:stone_pickaxe":2,"minecraft:diamond_boots":1,"minecraft:torch":32,"minecraft:diamond_chestplate":1},"minecraft:custom":{"minecraft:interact_with_furnace":4,"minecraft:mob_kills":4,"minecraft:interact_with_crafting_table":21,"minecraft:open_barrel":11,"minecraft:open_shulker_box":1,"minecraft:leave_game":5,"minecraft:time_since_death":42317,"minecraft:time_since_rest":42349,"minecraft:sprint_one_cm":102570,"minecraft:damage_taken":560,"minecraft:walk_one_cm":93417,"minecraft:damage_dealt":665,"minecraft:talked_to_villager":4,"minecraft:fly_one_cm":143382,"minecraft:crouch_one_cm":16681,"minecraft:play_time":59908,"minecraft:deaths":1,"minecraft:sneak_time":8320,"minecraft:walk_under_water_one_cm":615,"minecraft:jump":432,"minecraft:walk_on_water_one_cm":3441,"minecraft:interact_with_smoker":2,"minecraft:total_world_time":59908,"minecraft:fall_one_cm":9804},"minecraft:killed_by":{"minecraft:skeleton":1},"minecraft:killed":{"minecraft:zombie":2,"minecraft:chicken":1}},"DataVersion":3465}