{"stats":{"minecraft:killed":{"minecraft:skeleton":1,"minecraft:sheep":3,"minecraft:zombie":1},"minecraft:picked_up":{"minecraft:birch_log":20,"minecraft:crafting_table":3,"minecraft:raw_iron":54,"minecraft:yellow_shulker_box":2,"minecraft:gold_block":1,"minecraft:torch":2,"minecraft:spruce_sapling":1,"minecraft:spruce_log":11,"minecraft:bone":2,"minecraft:rotten_flesh":2,"minecraft:iron_ingot":4,"minecraft:mutton":5,"minecraft:coal":100,"minecraft:white_wool":3,"minecraft:cobblestone":29,"minecraft:furnace":3},"minecraft:crafted":{"minecraft:iron_boots":1,"minecraft:shield":1,"minecraft:iron_axe":1,"minecraft:crafting_table":2,"minecraft:stick":20,"minecraft:iron_helmet":1,"minecraft:iron_pickaxe":1,"minecraft:iron_ingot":26,"minecraft:iron_sword":1,"minecraft:iron_leggings":1,"minecraft:furnace":1,"minecraft:birch_planks":72,"minecraft:air":0},"minecraft:custom":{"minecraft:time_since_rest":33307,"minecraft:interact_with_furnace":11,"minecraft:sprint_one_cm":100752,"minecraft:damage_taken":682,"minecraft:walk_one_cm":73115,"minecraft:damage_blocked_by_shield":375,"minecraft:mob_kills":5,"minecraft:drop":8,"minecraft:damage_dealt":639,"minecraft:swim_one_cm":467,"minecraft:interact_with_crafting_table":6,"minecraft:fly_one_cm":201332,"minecraft:open_chest":1,"minecraft:crouch_one_cm":1557,"minecraft:open_shulker_box":2,"minecraft:play_time":33307,"minecraft:sneak_time":293,"minecraft:walk_under_water_one_cm":18,"minecraft:jump":1096,"minecraft:walk_on_water_one_cm":2200,"minecraft:time_since_death":33307,"minecraft:total_world_time":33307,"minecraft:fall_one_cm":37004},"minecraft:used":{"minecraft:leather_leggings":1,"minecraft:stone_sword":17,"minecraft:iron_axe":1,"minecraft:bread":20,"minecraft:yellow_shulker_box":1,"minecraft:stone_pickaxe":118,"minecraft:iron_pickaxe":7,"minecraft:leather_helmet":1,"minecraft:shield":6,"minecraft:leather_boots":1,"minecraft:iron_chestplate":1,"minecraft:stone_axe":43,"minecraft:torch":16,"minecraft:crafting_table":4,"minecraft:furnace":3,"minecraft:birch_log":2},"minecraft:mined":{"minecraft:furnace":3,"minecraft:iron_ore":23,"minecraft:birch_log":20,"minecraft:spruce_log":13,"minecraft:gold_block":1,"minecraft:crafting_table":4,"minecraft:torch":2,"minecraft:grass":2,"minecraft:coal_ore":24,"minecraft:deepslate_iron_ore":16,"minecraft:cobblestone":17,"minecraft:deepslate_coal_ore":27,"minecraft:spruce_leaves":7,"minecraft:stone":12,"minecraft:yellow_shulker_box":1},"minecraft:dropped":{"minecraft:stone_axe":1,"minecraft:stone_sword":1,"minecraft:leather_boots":1,"minecraft:rotten_flesh":2,"minecraft:leather_leggings":1,"minecraft:stone_pickaxe":1,"minecraft:leather_helmet":1,"minecraft:bone":2}},"DataVersion":3465}