{"stats":{"minecraft:killed":{"minecraft:sheep":3},"minecraft:picked_up":{"minecraft:birch_log":20,"minecraft:crafting_table":2,"minecraft:raw_iron":19,"minecraft:yellow_shulker_box":2,"minecraft:torch":2,"minecraft:spruce_sapling":1,"minecraft:spruce_log":11,"minecraft:iron_ingot":1,"minecraft:mutton":5,"minecraft:coal":17,"minecraft:white_wool":3,"minecraft:cobblestone":26,"minecraft:furnace":2},"minecraft:crafted":{"minecraft:shield":1,"minecraft:crafting_table":1,"minecraft:stick":20,"minecraft:iron_pickaxe":1,"minecraft:iron_ingot":4,"minecraft:furnace":1,"minecraft:birch_planks":72,"minecraft:air":0},"minecraft:custom":{"minecraft:time_since_rest":15307,"minecraft:interact_with_furnace":4,"minecraft:sprint_one_cm":31652,"minecraft:damage_taken":250,"minecraft:walk_one_cm":36344,"minecraft:mob_kills":3,"minecraft:damage_dealt":240,"minecraft:interact_with_crafting_table":3,"minecraft:fly_one_cm":61596,"minecraft:crouch_one_cm":924,"minecraft:open_shulker_box":2,"minecraft:play_time":15307,"minecraft:sneak_time":143,"minecraft:jump":415,"minecraft:walk_on_water_one_cm":212,"minecraft:time_since_death":15307,"minecraft:total_world_time":15307,"minecraft:fall_one_cm":12736},"minecraft:used":{"minecraft:leather_leggings":1,"minecraft:stone_sword":8,"minecraft:bread":7,"minecraft:yellow_shulker_box":1,"minecraft:stone_pickaxe":50,"minecraft:leather_helmet":1,"minecraft:leather_boots":1,"minecraft:iron_chestplate":1,"minecraft:stone_axe":43,"minecraft:torch":2,"minecraft:crafting_table":3,"minecraft:furnace":2,"minecraft:birch_log":2},"minecraft:mined":{"minecraft:furnace":2,"minecraft:birch_log":20,"minecraft:spruce_log":13,"minecraft:crafting_table":3,"minecraft:torch":2,"minecraft:grass":2,"minecraft:coal_ore":5,"minecraft:deepslate_iron_ore":11,"minecraft:cobblestone":17,"minecraft:deepslate_coal_ore":5,"minecraft:spruce_leaves":7,"minecraft:stone":9,"minecraft:yellow_shulker_box":1}},"DataVersion":3465}