{"stats":{"minecraft:picked_up":{"minecraft:yellow_shulker_box":2,"minecraft:torch":2},"minecraft:custom":{"minecraft:time_since_rest":3307,"minecraft:play_time":3307,"minecraft:crouch_one_cm":172,"minecraft:open_shulker_box":2,"minecraft:sprint_one_cm":601,"minecraft:damage_taken":220,"minecraft:walk_one_cm":13442,"minecraft:sneak_time":17,"minecraft:jump":28,"minecraft:time_since_death":3307,"minecraft:walk_on_water_one_cm":212,"minecraft:total_world_time":3307,"minecraft:fall_one_cm":1233,"minecraft:fly_one_cm":1206},"minecraft:used":{"minecraft:iron_chestplate":1,"minecraft:torch":2,"minecraft:leather_leggings":1,"minecraft:stone_sword":1,"minecraft:yellow_shulker_box":1,"minecraft:bread":4,"minecraft:stone_pickaxe":1,"minecraft:leather_helmet":1,"minecraft:leather_boots":1},"minecraft:mined":{"minecraft:yellow_shulker_box":1,"minecraft:torch":2}},"DataVersion":3465}